{
	"parent":"mechanization:base/model_block",
	"textures": {
		"0": "mechanization:base/2_battery_side",
		"1": "mechanization:base/2_plate_panel",
		"2": "mechanization:base/2_ring",
		"3": "mechanization:base/2_smooth_panel",
		"4": "mechanization:base/crystal"
	},
	"display": {
        "head": {
            "rotation": [ 90, 0, 0 ],
            "translation": [ 0, -23.5, 0 ],
            "scale": [ 2.3, 2.3, 2.3 ]
        }
	},
	"elements": [
		{
			"from": [2, 0, 6],
			"to": [14, 1, 10],
			"faces": {
				"east": {"uv": [1, 13, 10, 16], "texture": "#0"},
				"west": {"uv": [1, 13, 11, 16], "texture": "#0"},
				"up": {"uv": [0, 0, 16, 16], "rotation": 90, "texture": "#2"},
				"down": {"uv": [0, 1, 16, 5], "texture": "#1"}
			}
		},
		{
			"from": [5.172, 0.002, 2.343],
			"to": [10.828, 1.002, 13.657],
			"rotation": {"angle": 45, "axis": "y", "origin": [8, 0.5, 8]},
			"faces": {
				"north": {"uv": [0, 13, 12, 16], "texture": "#0"},
				"south": {"uv": [0, 13, 12, 16], "texture": "#0"},
				"up": {"uv": [0, 8, 16, 16], "rotation": 180, "texture": "#3"},
				"down": {"uv": [1, 0, 8.655, 16], "texture": "#1"}
			}
		},
		{
			"from": [6, 0.001, 2],
			"to": [10, 1.001, 14],
			"faces": {
				"north": {"uv": [1, 13, 11, 16], "texture": "#0"},
				"south": {"uv": [1, 13, 11, 16], "texture": "#0"},
				"up": {"uv": [0, 0, 4, 16], "rotation": 180, "texture": "#2"},
				"down": {"uv": [1, 0, 5, 16], "texture": "#1"}
			}
		},
		{
			"from": [5.172, 0.003, 2.343],
			"to": [10.828, 1.003, 13.657],
			"rotation": {"angle": -45, "axis": "y", "origin": [8, 0.5, 8]},
			"faces": {
				"north": {"uv": [0, 13, 12, 16], "texture": "#0"},
				"south": {"uv": [0, 13, 12, 16], "texture": "#0"},
				"up": {"uv": [0, 8, 16, 16], "rotation": 90, "texture": "#3"},
				"down": {"uv": [1, 0, 6.656, 16], "texture": "#1"}
			}
		},
		{
			"from": [7, 0.93, 2.61],
			"to": [9, 9.18, 4.61],
			"rotation": {"angle": 22.5, "axis": "x", "origin": [6.5, 2.5, 2.5]},
			"faces": {
				"north": {"uv": [0, 0, 16, 4], "rotation": 270, "texture": "#3"},
				"east": {"uv": [0, 0, 16, 4], "rotation": 270, "texture": "#3"},
				"south": {"uv": [0, 0, 16, 8], "rotation": 270, "texture": "#3"},
				"west": {"uv": [0, 0, 16, 4], "rotation": 270, "texture": "#3"},
				"up": {"uv": [0, 0, 2, 2], "rotation": 180, "texture": "#2"}
			}
		},
		{
			"from": [7, -3.27, 10.56],
			"to": [9, 4.98, 12.56],
			"rotation": {"angle": -22.5, "axis": "x", "origin": [6.5, 2.5, 2.5]},
			"faces": {
				"north": {"uv": [0, 0, 16, 4], "rotation": 270, "texture": "#3"},
				"east": {"uv": [0, 0, 16, 3.5], "rotation": 270, "texture": "#3"},
				"south": {"uv": [0, 0, 16, 4], "rotation": 270, "texture": "#3"},
				"west": {"uv": [0, 0, 16, 4], "rotation": 270, "texture": "#3"},
				"up": {"uv": [0, 0, 2, 2], "rotation": 180, "texture": "#2"}
			}
		},
		{
			"from": [2.92, -0.61, 7],
			"to": [4.92, 7.64, 9],
			"rotation": {"angle": -22.5, "axis": "z", "origin": [6.5, 2.5, 2.5]},
			"faces": {
				"north": {"uv": [0, 0, 16, 8], "rotation": 270, "texture": "#3"},
				"east": {"uv": [0, 0, 16, 4], "rotation": 270, "texture": "#3"},
				"south": {"uv": [0, 0, 16, 4], "rotation": 270, "texture": "#3"},
				"west": {"uv": [0, 0, 16, 4], "rotation": 270, "texture": "#3"},
				"up": {"uv": [0, 0, 2, 2], "rotation": 180, "texture": "#2"}
			}
		},
		{
			"from": [10.85, -1.76, 7],
			"to": [12.85, 6.49, 9],
			"rotation": {"angle": 22.5, "axis": "z", "origin": [6.5, 2.5, 2.5]},
			"faces": {
				"north": {"uv": [0, 0, 16, 4], "rotation": 270, "texture": "#3"},
				"east": {"uv": [0, 0, 16, 4], "rotation": 270, "texture": "#3"},
				"south": {"uv": [0, 0, 16, 4], "rotation": 270, "texture": "#3"},
				"west": {"uv": [0, 0, 16, 4], "rotation": 270, "texture": "#3"},
				"up": {"uv": [0, 0, 2, 2], "rotation": 180, "texture": "#2"}
			}
		},
		{
			"from": [7.5, 8.5, 7.5],
			"to": [8.5, 9, 8.5],
			"faces": {
				"up": {"uv": [0, 0, 1, 1], "texture": "#4"},
				"down": {"uv": [0, 0, 1, 1], "texture": "#4"}
			}
		},
		{
			"from": [7.5, 8.5, 7.5],
			"to": [8.5, 9, 8.5],
			"rotation": {"angle": -22.5, "axis": "z", "origin": [8, 11, 8]},
			"faces": {
				"north": {"uv": [0, 0, 1, 0.5], "texture": "#4"},
				"south": {"uv": [0, 0, 1, 0.5], "texture": "#4"},
				"up": {"uv": [0, 0, 1, 1], "texture": "#4"},
				"down": {"uv": [0, 0, 1, 1], "texture": "#4"}
			}
		},
		{
			"from": [7.5, 8.5, 7.5],
			"to": [8.5, 9, 8.5],
			"rotation": {"angle": -45, "axis": "z", "origin": [8, 11, 8]},
			"faces": {
				"north": {"uv": [0, 0, 1, 0.5], "texture": "#4"},
				"south": {"uv": [0, 0, 1, 0.5], "texture": "#4"},
				"up": {"uv": [0, 0, 1, 1], "texture": "#4"},
				"down": {"uv": [0, 0, 1, 1], "texture": "#4"}
			}
		},
		{
			"from": [5.5, 10.5, 7.5],
			"to": [6, 11.5, 8.5],
			"rotation": {"angle": 22.5, "axis": "z", "origin": [8, 11, 8]},
			"faces": {
				"north": {"uv": [0, 0, 1, 0.5], "rotation": 270, "texture": "#4"},
				"east": {"uv": [0, 0, 1, 1], "rotation": 90, "texture": "#4"},
				"south": {"uv": [0, 0, 1, 0.5], "rotation": 90, "texture": "#4"},
				"west": {"uv": [0, 0, 1, 1], "rotation": 90, "texture": "#4"}
			}
		},
		{
			"from": [5.5, 10.5, 7.5],
			"to": [6, 11.5, 8.5],
			"faces": {
				"north": {"uv": [0, 0, 1, 0.5], "rotation": 270, "texture": "#4"},
				"east": {"uv": [0, 0, 1, 1], "rotation": 90, "texture": "#4"},
				"south": {"uv": [0, 0, 1, 0.5], "rotation": 90, "texture": "#4"},
				"west": {"uv": [0, 0, 1, 1], "rotation": 90, "texture": "#4"}
			}
		},
		{
			"from": [5.5, 10.5, 7.5],
			"to": [6, 11.5, 8.5],
			"rotation": {"angle": -22.5, "axis": "z", "origin": [8, 11, 8]},
			"faces": {
				"north": {"uv": [0, 0, 1, 0.5], "rotation": 270, "texture": "#4"},
				"east": {"uv": [0, 0, 1, 1], "rotation": 90, "texture": "#4"},
				"south": {"uv": [0, 0, 1, 0.5], "rotation": 90, "texture": "#4"},
				"west": {"uv": [0, 0, 1, 1], "rotation": 90, "texture": "#4"}
			}
		},
		{
			"from": [5.5, 10.5, 7.5],
			"to": [6, 11.5, 8.5],
			"rotation": {"angle": -45, "axis": "z", "origin": [8, 11, 8]},
			"faces": {
				"north": {"uv": [0, 0, 1, 0.5], "rotation": 270, "texture": "#4"},
				"east": {"uv": [0, 0, 1, 1], "rotation": 90, "texture": "#4"},
				"south": {"uv": [0, 0, 1, 0.5], "rotation": 90, "texture": "#4"},
				"west": {"uv": [0, 0, 1, 1], "rotation": 90, "texture": "#4"}
			}
		},
		{
			"from": [7.5, 13, 7.5],
			"to": [8.5, 13.5, 8.5],
			"rotation": {"angle": 22.5, "axis": "z", "origin": [8, 11, 8]},
			"faces": {
				"north": {"uv": [0, 0, 1, 0.5], "rotation": 180, "texture": "#4"},
				"south": {"uv": [0, 0, 1, 0.5], "rotation": 180, "texture": "#4"},
				"up": {"uv": [0, 0, 1, 1], "rotation": 180, "texture": "#4"},
				"down": {"uv": [0, 0, 1, 1], "rotation": 180, "texture": "#4"}
			}
		},
		{
			"from": [7.5, 13, 7.5],
			"to": [8.5, 13.5, 8.5],
			"faces": {
				"up": {"uv": [0, 0, 1, 1], "rotation": 180, "texture": "#4"},
				"down": {"uv": [0, 0, 1, 1], "rotation": 180, "texture": "#4"}
			}
		},
		{
			"from": [7.5, 13, 7.5],
			"to": [8.5, 13.5, 8.5],
			"rotation": {"angle": -22.5, "axis": "z", "origin": [8, 11, 8]},
			"faces": {
				"north": {"uv": [0, 0, 1, 0.5], "rotation": 180, "texture": "#4"},
				"south": {"uv": [0, 0, 1, 0.5], "rotation": 180, "texture": "#4"},
				"up": {"uv": [0, 0, 1, 1], "rotation": 180, "texture": "#4"},
				"down": {"uv": [0, 0, 1, 1], "rotation": 180, "texture": "#4"}
			}
		},
		{
			"from": [7.5, 13, 7.5],
			"to": [8.5, 13.5, 8.5],
			"rotation": {"angle": -45, "axis": "z", "origin": [8, 11, 8]},
			"faces": {
				"north": {"uv": [0, 0, 1, 0.5], "rotation": 180, "texture": "#4"},
				"south": {"uv": [0, 0, 1, 0.5], "rotation": 180, "texture": "#4"},
				"up": {"uv": [0, 0, 1, 1], "rotation": 180, "texture": "#4"},
				"down": {"uv": [0, 0, 1, 1], "rotation": 180, "texture": "#4"}
			}
		},
		{
			"from": [10, 10.5, 7.5],
			"to": [10.5, 11.5, 8.5],
			"rotation": {"angle": 22.5, "axis": "z", "origin": [8, 11, 8]},
			"faces": {
				"north": {"uv": [0, 0, 1, 0.5], "rotation": 90, "texture": "#4"},
				"east": {"uv": [0, 0, 1, 1], "rotation": 270, "texture": "#4"},
				"south": {"uv": [0, 0, 1, 0.5], "rotation": 270, "texture": "#4"},
				"west": {"uv": [0, 0, 1, 1], "rotation": 270, "texture": "#4"}
			}
		},
		{
			"from": [10, 10.5, 7.5],
			"to": [10.5, 11.5, 8.5],
			"faces": {
				"north": {"uv": [0, 0, 1, 0.5], "rotation": 90, "texture": "#4"},
				"east": {"uv": [0, 0, 1, 1], "rotation": 270, "texture": "#4"},
				"south": {"uv": [0, 0, 1, 0.5], "rotation": 270, "texture": "#4"},
				"west": {"uv": [0, 0, 1, 1], "rotation": 270, "texture": "#4"}
			}
		},
		{
			"from": [10, 10.5, 7.5],
			"to": [10.5, 11.5, 8.5],
			"rotation": {"angle": -22.5, "axis": "z", "origin": [8, 11, 8]},
			"faces": {
				"north": {"uv": [0, 0, 1, 0.5], "rotation": 90, "texture": "#4"},
				"east": {"uv": [0, 0, 1, 1], "rotation": 270, "texture": "#4"},
				"south": {"uv": [0, 0, 1, 0.5], "rotation": 270, "texture": "#4"},
				"west": {"uv": [0, 0, 1, 1], "rotation": 270, "texture": "#4"}
			}
		},
		{
			"from": [10, 10.5, 7.5],
			"to": [10.5, 11.5, 8.5],
			"rotation": {"angle": -45, "axis": "z", "origin": [8, 11, 8]},
			"faces": {
				"north": {"uv": [0, 0, 1, 0.5], "rotation": 90, "texture": "#4"},
				"east": {"uv": [0, 0, 1, 1], "rotation": 270, "texture": "#4"},
				"south": {"uv": [0, 0, 1, 0.5], "rotation": 270, "texture": "#4"},
				"west": {"uv": [0, 0, 1, 1], "rotation": 270, "texture": "#4"}
			}
		},
		{
			"from": [7.5, 8.5, 7.5],
			"to": [8.5, 9, 8.5],
			"rotation": {"angle": 22.5, "axis": "z", "origin": [8, 11, 8]},
			"faces": {
				"north": {"uv": [0, 0, 1, 0.5], "texture": "#4"},
				"south": {"uv": [0, 0, 1, 0.5], "texture": "#4"},
				"up": {"uv": [0, 0, 1, 1], "texture": "#4"},
				"down": {"uv": [0, 0, 1, 1], "texture": "#4"}
			}
		},
		{
			"from": [7.5, 8.5, 7.5],
			"to": [8.5, 9, 8.5],
			"rotation": {"angle": 22.5, "axis": "x", "origin": [8, 11, 8]},
			"faces": {
				"east": {"uv": [0, 0, 0, 0], "texture": "#4"},
				"west": {"uv": [0, 0, 0, 0], "texture": "#4"},
				"up": {"uv": [0, 0, 1, 1], "texture": "#4"},
				"down": {"uv": [0, 0, 1, 1], "texture": "#4"}
			}
		},
		{
			"from": [7.5, 8.5, 7.5],
			"to": [8.5, 9, 8.5],
			"rotation": {"angle": 45, "axis": "x", "origin": [8, 11, 8]},
			"faces": {
				"east": {"uv": [0, 0, 0, 0], "texture": "#4"},
				"west": {"uv": [0, 0, 0, 0], "texture": "#4"},
				"up": {"uv": [0, 0, 1, 1], "texture": "#4"},
				"down": {"uv": [0, 0, 1, 1], "texture": "#4"}
			}
		},
		{
			"from": [7.5, 10.5, 5.5],
			"to": [8.5, 11.5, 6],
			"rotation": {"angle": -22.5, "axis": "x", "origin": [8, 11, 8]},
			"faces": {
				"north": {"uv": [0, 0, 1, 1], "rotation": 180, "texture": "#4"},
				"east": {"uv": [0, 0, 0, 0], "rotation": 270, "texture": "#4"},
				"south": {"uv": [0, 0, 1, 1], "texture": "#4"},
				"west": {"uv": [0, 0, 0, 0], "rotation": 90, "texture": "#4"}
			}
		},
		{
			"from": [7.5, 10.5, 5.5],
			"to": [8.5, 11.5, 6],
			"faces": {
				"north": {"uv": [0, 0, 1, 1], "rotation": 180, "texture": "#4"},
				"east": {"uv": [0, 0, 0, 0], "rotation": 270, "texture": "#4"},
				"south": {"uv": [0, 0, 1, 1], "texture": "#4"},
				"west": {"uv": [0, 0, 0, 0], "rotation": 90, "texture": "#4"}
			}
		},
		{
			"from": [7.5, 10.5, 5.5],
			"to": [8.5, 11.5, 6],
			"rotation": {"angle": 22.5, "axis": "x", "origin": [8, 11, 8]},
			"faces": {
				"north": {"uv": [0, 0, 1, 1], "rotation": 180, "texture": "#4"},
				"east": {"uv": [0, 0, 0, 0], "rotation": 270, "texture": "#4"},
				"south": {"uv": [0, 0, 1, 1], "texture": "#4"},
				"west": {"uv": [0, 0, 0, 0], "rotation": 90, "texture": "#4"}
			}
		},
		{
			"from": [7.5, 10.5, 5.5],
			"to": [8.5, 11.5, 6],
			"rotation": {"angle": 45, "axis": "x", "origin": [8, 11, 8]},
			"faces": {
				"north": {"uv": [0, 0, 1, 1], "rotation": 180, "texture": "#4"},
				"east": {"uv": [0, 0, 0, 0], "rotation": 270, "texture": "#4"},
				"south": {"uv": [0, 0, 1, 1], "texture": "#4"},
				"west": {"uv": [0, 0, 0, 0], "rotation": 90, "texture": "#4"}
			}
		},
		{
			"from": [7.5, 13, 7.5],
			"to": [8.5, 13.5, 8.5],
			"rotation": {"angle": -22.5, "axis": "x", "origin": [8, 11, 8]},
			"faces": {
				"east": {"uv": [0, 0, 0, 0], "rotation": 180, "texture": "#4"},
				"west": {"uv": [0, 0, 0, 0], "rotation": 180, "texture": "#4"},
				"up": {"uv": [0, 0, 1, 1], "texture": "#4"},
				"down": {"uv": [0, 0, 1, 1], "texture": "#4"}
			}
		},
		{
			"from": [7.5, 13, 7.5],
			"to": [8.5, 13.5, 8.5],
			"rotation": {"angle": 22.5, "axis": "x", "origin": [8, 11, 8]},
			"faces": {
				"east": {"uv": [0, 0, 0, 0], "rotation": 180, "texture": "#4"},
				"west": {"uv": [0, 0, 0, 0], "rotation": 180, "texture": "#4"},
				"up": {"uv": [0, 0, 1, 1], "texture": "#4"},
				"down": {"uv": [0, 0, 1, 1], "texture": "#4"}
			}
		},
		{
			"from": [7.5, 13, 7.5],
			"to": [8.5, 13.5, 8.5],
			"rotation": {"angle": 45, "axis": "x", "origin": [8, 11, 8]},
			"faces": {
				"east": {"uv": [0, 0, 0, 0], "rotation": 180, "texture": "#4"},
				"west": {"uv": [0, 0, 0, 0], "rotation": 180, "texture": "#4"},
				"up": {"uv": [0, 0, 1, 1], "texture": "#4"},
				"down": {"uv": [0, 0, 1, 1], "texture": "#4"}
			}
		},
		{
			"from": [7.5, 10.5, 10],
			"to": [8.5, 11.5, 10.5],
			"rotation": {"angle": -22.5, "axis": "x", "origin": [8, 11, 8]},
			"faces": {
				"north": {"uv": [0, 0, 1, 1], "rotation": 180, "texture": "#4"},
				"east": {"uv": [0, 0, 0, 0], "rotation": 90, "texture": "#4"},
				"south": {"uv": [0, 0, 1, 1], "texture": "#4"},
				"west": {"uv": [0, 0, 0, 0], "rotation": 270, "texture": "#4"}
			}
		},
		{
			"from": [7.5, 10.5, 10],
			"to": [8.5, 11.5, 10.5],
			"faces": {
				"north": {"uv": [0, 0, 1, 1], "rotation": 180, "texture": "#4"},
				"east": {"uv": [0, 0, 0, 0], "rotation": 90, "texture": "#4"},
				"south": {"uv": [0, 0, 1, 1], "texture": "#4"},
				"west": {"uv": [0, 0, 0, 0], "rotation": 270, "texture": "#4"}
			}
		},
		{
			"from": [7.5, 10.5, 10],
			"to": [8.5, 11.5, 10.5],
			"rotation": {"angle": 22.5, "axis": "x", "origin": [8, 11, 8]},
			"faces": {
				"north": {"uv": [0, 0, 1, 1], "rotation": 180, "texture": "#4"},
				"east": {"uv": [0, 0, 0, 0], "rotation": 90, "texture": "#4"},
				"south": {"uv": [0, 0, 1, 1], "texture": "#4"},
				"west": {"uv": [0, 0, 0, 0], "rotation": 270, "texture": "#4"}
			}
		},
		{
			"from": [7.5, 10.5, 10],
			"to": [8.5, 11.5, 10.5],
			"rotation": {"angle": 45, "axis": "x", "origin": [8, 11, 8]},
			"faces": {
				"north": {"uv": [0, 0, 1, 1], "rotation": 180, "texture": "#4"},
				"east": {"uv": [0, 0, 0, 0], "rotation": 90, "texture": "#4"},
				"south": {"uv": [0, 0, 1, 1], "texture": "#4"},
				"west": {"uv": [0, 0, 0, 0], "rotation": 270, "texture": "#4"}
			}
		},
		{
			"from": [7.5, 8.5, 7.5],
			"to": [8.5, 9, 8.5],
			"rotation": {"angle": -22.5, "axis": "x", "origin": [8, 11, 8]},
			"faces": {
				"east": {"uv": [0, 0, 0, 0], "texture": "#4"},
				"west": {"uv": [0, 0, 0, 0], "texture": "#4"},
				"up": {"uv": [0, 0, 1, 1], "texture": "#4"},
				"down": {"uv": [0, 0, 1, 1], "texture": "#4"}
			}
		}
	],
	"groups": [
		{
			"name": "Base",
			"children": [0, 1, 2, 3]
		},
		{
			"name": "arms",
			"children": [4, 5, 6, 7]
		},
		{
			"name": "crystal",
			"children": [8, 9, 10, 11, 12, 13, 14, 15, 16, 17, 18, 19, 20, 21, 22, 23, 24, 25, 26, 27, 28, 29, 30, 31, 32, 33, 34, 35, 36, 37]
		}
	]
}