{
    "parent":"mechanization:base/model_block",
    "textures": {
        "0": "mechanization:base/2_smooth_panel",
        "1": "mechanization:base/2_ring",
        "2": "mechanization:base/2_plate_panel",
        "3": "mechanization:gadgets/charge_effect",
        "4": "block/black_stained_glass",
        "5": "mechanization:gadgets/charging_station_top"
    },
	"display": {
        "thirdperson_lefthand": {
            "rotation": [ 80, 0, -10 ],
            "translation": [ -8, -4, -2 ],
            "scale": [ 2.3, 2.3, 2.3 ]
        }
	},
    "elements": [
        {
            "name": "Stand 1",
            "from": [ 2.0, 0.0, 2.0 ], 
            "to": [ 4.0, 8.0, 4.0 ], 
            "faces": {
                "north": { "texture": "#0", "uv": [ 0.0, 0.0, 2.0, 8.0 ] },
                "east": { "texture": "#0", "uv": [ 0.0, 0.0, 2.0, 8.0 ] },
                "south": { "texture": "#0", "uv": [ 0.0, 0.0, 2.0, 8.0 ] },
                "west": { "texture": "#0", "uv": [ 0.0, 0.0, 2.0, 8.0 ] },
                "down": { "texture": "#1", "uv": [ 0.0, 0.0, 2.0, 2.0 ] }
            }
        },
        {
            "name": "Stand 2",
            "from": [ 12.0, 0.0, 2.0 ], 
            "to": [ 14.0, 8.0, 4.0 ], 
            "faces": {
                "north": { "texture": "#0", "uv": [ 0.0, 0.0, 2.0, 8.0 ] },
                "east": { "texture": "#0", "uv": [ 0.0, 0.0, 2.0, 8.0 ] },
                "south": { "texture": "#0", "uv": [ 0.0, 0.0, 2.0, 8.0 ] },
                "west": { "texture": "#0", "uv": [ 0.0, 0.0, 2.0, 8.0 ] },
                "down": { "texture": "#1", "uv": [ 0.0, 0.0, 2.0, 2.0 ] }
            }
        },
        {
            "name": "Stand 3",
            "from": [ 12.0, 0.0, 12.0 ], 
            "to": [ 14.0, 8.0, 14.0 ], 
            "faces": {
                "north": { "texture": "#0", "uv": [ 0.0, 0.0, 2.0, 8.0 ] },
                "east": { "texture": "#0", "uv": [ 0.0, 0.0, 2.0, 8.0 ] },
                "south": { "texture": "#0", "uv": [ 0.0, 0.0, 2.0, 8.0 ] },
                "west": { "texture": "#0", "uv": [ 0.0, 0.0, 2.0, 8.0 ] },
                "down": { "texture": "#1", "uv": [ 0.0, 0.0, 2.0, 2.0 ] }
            }
        },
        {
            "name": "Stand 4",
            "from": [ 2.0, 0.0, 12.0 ], 
            "to": [ 4.0, 8.0, 14.0 ], 
            "faces": {
                "north": { "texture": "#0", "uv": [ 0.0, 0.0, 2.0, 8.0 ] },
                "east": { "texture": "#0", "uv": [ 0.0, 0.0, 2.0, 8.0 ] },
                "south": { "texture": "#0", "uv": [ 0.0, 0.0, 2.0, 8.0 ] },
                "west": { "texture": "#0", "uv": [ 0.0, 0.0, 2.0, 8.0 ] },
                "down": { "texture": "#1", "uv": [ 0.0, 0.0, 2.0, 2.0 ] }
            }
        },
        {
            "name": "Base",
            "from": [ 2.0, 8.0, 2.0 ], 
            "to": [ 14.0, 9.0, 14.0 ], 
            "faces": {
                "north": { "texture": "#1", "uv": [ 0.0, 0.0, 12.0, 1.0 ] },
                "east": { "texture": "#1", "uv": [ 0.0, 0.0, 12.0, 1.0 ] },
                "south": { "texture": "#1", "uv": [ 0.0, 0.0, 12.0, 1.0 ] },
                "west": { "texture": "#1", "uv": [ 0.0, 0.0, 12.0, 1.0 ] },
                "up": { "texture": "#2", "uv": [ 0.0, 0.0, 16.0, 16.0 ] },
                "down": { "texture": "#2", "uv": [ 0.0, 0.0, 16.0, 16.0 ] }
            }
        },
        {
            "name": "Plate",
            "from": [ 2.5, 9.1, 2.5 ], 
            "to": [ 13.5, 9.2, 13.5 ], 
            "faces": {
                "up": { "texture": "#3", "uv": [ 0.0, 0.0, 15.0, 15.0 ] }
            }
        },
        {
            "name": "Side 1",
            "from": [ 2.5, 9.0, 2.5 ], 
            "to": [ 4.5, 14.0, 4.5 ], 
            "faces": {
                "north": { "texture": "#0", "uv": [ 7.0, 0.0, 9.0, 5.0 ] },
                "east": { "texture": "#0", "uv": [ 7.0, 0.0, 9.0, 5.0 ] },
                "south": { "texture": "#0", "uv": [ 7.0, 0.0, 9.0, 5.0 ] },
                "west": { "texture": "#0", "uv": [ 7.0, 0.0, 9.0, 5.0 ] }
            }
        },
        {
            "name": "Side 2",
            "from": [ 11.5, 9.0, 2.5 ], 
            "to": [ 13.5, 14.0, 4.5 ], 
            "faces": {
                "north": { "texture": "#0", "uv": [ 7.0, 0.0, 9.0, 5.0 ] },
                "east": { "texture": "#0", "uv": [ 7.0, 0.0, 9.0, 5.0 ] },
                "south": { "texture": "#0", "uv": [ 7.0, 0.0, 9.0, 5.0 ] },
                "west": { "texture": "#0", "uv": [ 7.0, 0.0, 9.0, 5.0 ] }
            }
        },
        {
            "name": "Side 3",
            "from": [ 11.5, 9.0, 11.5 ], 
            "to": [ 13.5, 14.0, 13.5 ], 
            "faces": {
                "north": { "texture": "#0", "uv": [ 7.0, 0.0, 9.0, 5.0 ] },
                "east": { "texture": "#0", "uv": [ 7.0, 0.0, 9.0, 5.0 ] },
                "south": { "texture": "#0", "uv": [ 7.0, 0.0, 9.0, 5.0 ] },
                "west": { "texture": "#0", "uv": [ 7.0, 0.0, 9.0, 5.0 ] }
            }
        },
        {
            "name": "Side 4",
            "from": [ 2.5, 9.0, 11.5 ], 
            "to": [ 4.5, 14.0, 13.5 ], 
            "faces": {
                "north": { "texture": "#0", "uv": [ 7.0, 0.0, 9.0, 5.0 ] },
                "east": { "texture": "#0", "uv": [ 7.0, 0.0, 9.0, 5.0 ] },
                "south": { "texture": "#0", "uv": [ 7.0, 0.0, 9.0, 5.0 ] },
                "west": { "texture": "#0", "uv": [ 7.0, 0.0, 9.0, 5.0 ] }
            }
        },
        {
            "name": "Top",
            "from": [ 2.5, 14.0, 2.5 ], 
            "to": [ 13.5, 15.0, 13.5 ], 
            "faces": {
                "north": { "texture": "#1", "uv": [ 0.0, 0.0, 11.0, 1.0 ] },
                "east": { "texture": "#1", "uv": [ 0.0, 0.0, 11.0, 1.0 ] },
                "south": { "texture": "#1", "uv": [ 0.0, 0.0, 11.0, 1.0 ] },
                "west": { "texture": "#1", "uv": [ 0.0, 0.0, 11.0, 1.0 ] },
                "up": { "texture": "#5", "uv": [ 0.0, 0.0, 16.0, 16.0 ] },
                "down": { "texture": "#2", "uv": [ 0.0, 0.0, 16.0, 16.0 ] }
            }
        }
    ]
}