{
	"parent":"mechanization:base/model_block",
    "textures": {
        "0": "mechanization:base/1_plate_panel",
        "1": "mechanization:base/1_battery_side",
        "2": "mechanization:base/1_ring",
        "3": "mechanization:base/1_smooth_panel",
        "4": "block/lime_concrete",
        "5": "block/red_concrete",
        "6": "block/blue_stained_glass"
    },
    "elements": [
        {
            "name": "Base1",
            "from": [ 2.0, 0.0, 2.0 ], 
            "to": [ 14.0, 2.0, 14.0 ], 
            "faces": {
                "down": { "texture": "#0", "uv": [ 0.0, 0.0, 16.0, 16.0 ] }
            }
        },
        {
            "name": "Base2",
            "from": [ 2.0, 6.6, -1.9 ], 
            "to": [ 14.0, 9.399999999999999, 0.10000000000000009 ], 
            "rotation": { "origin": [ 8.0, 8.0, 8.0 ], "axis": "x", "angle": -45.0 },
            "faces": {
                "north": { "texture": "#1", "uv": [ 0.0, 13.0, 12.0, 16.0 ] },
                "east": { "texture": "#2", "uv": [ 0.0, 0.0, 2.0, 2.8 ] },
                "west": { "texture": "#2", "uv": [ 0.0, 0.0, 2.0, 2.8 ] }
            }
        },
        {
            "name": "Side1-1",
            "from": [ 2.0, 2.0, 0.0 ], 
            "to": [ 14.0, 4.0, 2.0 ], 
            "faces": {
                "north": { "texture": "#3", "uv": [ 2.0, 12.0, 14.0, 14.0 ] },
                "up": { "texture": "#2", "uv": [ 0.0, 0.0, 12.0, 2.0 ] }
            }
        },
        {
            "name": "Side1-2",
            "from": [ 2.0, 4.0, 0.0 ], 
            "to": [ 4.0, 12.0, 2.0 ], 
            "faces": {
                "north": { "texture": "#3", "uv": [ 12.0, 4.0, 14.0, 12.0 ] },
                "east": { "texture": "#2", "uv": [ 0.0, 0.0, 2.0, 8.0 ] }
            }
        },
        {
            "name": "Side1-3",
            "from": [ 12.0, 4.0, 0.0 ], 
            "to": [ 14.0, 12.0, 2.0 ], 
            "faces": {
                "north": { "texture": "#3", "uv": [ 2.0, 4.0, 4.0, 12.0 ] },
                "west": { "texture": "#2", "uv": [ 0.0, 0.0, 2.0, 8.0 ] }
            }
        },
        {
            "name": "Side1-4",
            "from": [ 2.0, 12.0, 0.0 ], 
            "to": [ 14.0, 14.0, 2.0 ], 
            "faces": {
                "north": { "texture": "#3", "uv": [ 2.0, 2.0, 14.0, 4.0 ] },
                "down": { "texture": "#2", "uv": [ 0.0, 0.0, 12.0, 2.0 ] }
            }
        },
        {
            "name": "Base3",
            "from": [ 2.0, 6.6, 15.9 ], 
            "to": [ 14.0, 9.399999999999999, 17.9 ], 
            "rotation": { "origin": [ 8.0, 8.0, 8.0 ], "axis": "x", "angle": 45.0 },
            "faces": {
                "east": { "texture": "#2", "uv": [ 0.0, 0.0, 2.0, 2.8 ] },
                "south": { "texture": "#1", "uv": [ 0.0, 13.0, 12.0, 16.0 ] },
                "west": { "texture": "#2", "uv": [ 0.0, 0.0, 2.0, 2.8 ] }
            }
        },
        {
            "name": "Base4",
            "from": [ 6.6, -1.9, 2.0 ], 
            "to": [ 9.399999999999999, 0.10000000000000009, 14.0 ], 
            "rotation": { "origin": [ 8.0, 8.0, 8.0 ], "axis": "z", "angle": -45.0 },
            "faces": {
                "north": { "texture": "#2", "uv": [ 0.0, 0.0, 2.8, 2.0 ] },
                "south": { "texture": "#2", "uv": [ 0.0, 0.0, 2.8, 2.0 ] },
                "down": { "texture": "#1", "uv": [ 0.0, 13.0, 12.0, 16.0 ], "rotation": 90 }
            }
        },
        {
            "name": "Base5",
            "from": [ 6.6, -1.9, 2.0 ], 
            "to": [ 9.399999999999999, 0.10000000000000009, 14.0 ], 
            "rotation": { "origin": [ 8.0, 8.0, 8.0 ], "axis": "z", "angle": 45.0 },
            "faces": {
                "north": { "texture": "#2", "uv": [ 0.0, 0.0, 2.8, 2.0 ] },
                "south": { "texture": "#2", "uv": [ 0.0, 0.0, 2.8, 2.0 ] },
                "down": { "texture": "#1", "uv": [ 0.0, 13.0, 12.0, 16.0 ], "rotation": 90 }
            }
        },
        {
            "name": "Side2-1",
            "from": [ 2.0, 2.0, 14.0 ], 
            "to": [ 14.0, 4.0, 16.0 ], 
            "faces": {
                "south": { "texture": "#3", "uv": [ 2.0, 12.0, 14.0, 14.0 ] },
                "up": { "texture": "#2", "uv": [ 0.0, 0.0, 12.0, 2.0 ] }
            }
        },
        {
            "name": "Side2-2",
            "from": [ 2.0, 4.0, 14.0 ], 
            "to": [ 4.0, 12.0, 16.0 ], 
            "faces": {
                "east": { "texture": "#2", "uv": [ 0.0, 0.0, 2.0, 8.0 ] },
                "south": { "texture": "#3", "uv": [ 2.0, 4.0, 4.0, 12.0 ] }
            }
        },
        {
            "name": "Side2-3",
            "from": [ 12.0, 4.0, 14.0 ], 
            "to": [ 14.0, 12.0, 16.0 ], 
            "faces": {
                "south": { "texture": "#3", "uv": [ 12.0, 4.0, 14.0, 12.0 ] },
                "west": { "texture": "#2", "uv": [ 0.0, 0.0, 2.0, 8.0 ] }
            }
        },
        {
            "name": "Side2-4",
            "from": [ 2.0, 12.0, 14.0 ], 
            "to": [ 14.0, 14.0, 16.0 ], 
            "faces": {
                "south": { "texture": "#3", "uv": [ 2.0, 2.0, 14.0, 4.0 ] },
                "down": { "texture": "#2", "uv": [ 0.0, 0.0, 12.0, 2.0 ] }
            }
        },
        {
            "name": "Side3-1",
            "from": [ 0.0, 2.0, 2.0 ], 
            "to": [ 2.0, 4.0, 14.0 ], 
            "faces": {
                "west": { "texture": "#3", "uv": [ 2.0, 12.0, 14.0, 14.0 ] },
                "up": { "texture": "#2", "uv": [ 0.0, 0.0, 2.0, 12.0 ] }
            }
        },
        {
            "name": "Side3-2",
            "from": [ 0.0, 4.0, 2.0 ], 
            "to": [ 2.0, 12.0, 4.0 ], 
            "faces": {
                "south": { "texture": "#2", "uv": [ 0.0, 0.0, 2.0, 8.0 ] },
                "west": { "texture": "#3", "uv": [ 2.0, 4.0, 4.0, 12.0 ] }
            }
        },
        {
            "name": "Side3-3",
            "from": [ 0.0, 4.0, 12.0 ], 
            "to": [ 2.0, 12.0, 14.0 ], 
            "faces": {
                "north": { "texture": "#2", "uv": [ 0.0, 0.0, 2.0, 8.0 ] },
                "west": { "texture": "#3", "uv": [ 12.0, 4.0, 14.0, 12.0 ] }
            }
        },
        {
            "name": "Side3-4",
            "from": [ 0.0, 12.0, 2.0 ], 
            "to": [ 2.0, 14.0, 14.0 ], 
            "faces": {
                "west": { "texture": "#3", "uv": [ 2.0, 2.0, 14.0, 4.0 ] },
                "down": { "texture": "#2", "uv": [ 0.0, 0.0, 2.0, 12.0 ] }
            }
        },
        {
            "name": "Side4-1",
            "from": [ 14.0, 2.0, 2.0 ], 
            "to": [ 16.0, 4.0, 14.0 ], 
            "faces": {
                "east": { "texture": "#3", "uv": [ 2.0, 12.0, 14.0, 14.0 ] },
                "up": { "texture": "#2", "uv": [ 0.0, 0.0, 2.0, 12.0 ] }
            }
        },
        {
            "name": "Side4-2",
            "from": [ 14.0, 4.0, 2.0 ], 
            "to": [ 16.0, 12.0, 4.0 ], 
            "faces": {
                "east": { "texture": "#3", "uv": [ 12.0, 4.0, 14.0, 12.0 ] },
                "south": { "texture": "#2", "uv": [ 0.0, 0.0, 2.0, 8.0 ] }
            }
        },
        {
            "name": "Side4-3",
            "from": [ 14.0, 4.0, 12.0 ], 
            "to": [ 16.0, 12.0, 14.0 ], 
            "faces": {
                "north": { "texture": "#2", "uv": [ 0.0, 0.0, 2.0, 8.0 ] },
                "east": { "texture": "#3", "uv": [ 2.0, 4.0, 4.0, 12.0 ] }
            }
        },
        {
            "name": "Side4-4",
            "from": [ 14.0, 12.0, 2.0 ], 
            "to": [ 16.0, 14.0, 14.0 ], 
            "faces": {
                "east": { "texture": "#3", "uv": [ 2.0, 2.0, 14.0, 4.0 ] },
                "down": { "texture": "#2", "uv": [ 0.0, 0.0, 2.0, 12.0 ] }
            }
        },
        {
            "name": "Corner1",
            "from": [ -1.9, 2.0, 6.6 ], 
            "to": [ 0.10000000000000009, 14.0, 9.399999999999999 ], 
            "rotation": { "origin": [ 8.0, 8.0, 8.0 ], "axis": "y", "angle": -45.0 },
            "faces": {
                "west": { "texture": "#2", "uv": [ 0.0, 0.0, 2.8, 12.0 ] },
                "up": { "texture": "#2", "uv": [ 0.0, 0.0, 2.0, 2.8 ] },
                "down": { "texture": "#2", "uv": [ 0.0, 0.0, 2.0, 2.8 ] }
            }
        },
        {
            "name": "Corner2",
            "from": [ -1.9, 2.0, 6.6 ], 
            "to": [ 0.10000000000000009, 14.0, 9.399999999999999 ], 
            "rotation": { "origin": [ 8.0, 8.0, 8.0 ], "axis": "y", "angle": 45.0 },
            "faces": {
                "west": { "texture": "#2", "uv": [ 0.0, 0.0, 2.8, 12.0 ] },
                "up": { "texture": "#2", "uv": [ 0.0, 0.0, 2.0, 2.8 ] },
                "down": { "texture": "#2", "uv": [ 0.0, 0.0, 2.0, 2.8 ] }
            }
        },
        {
            "name": "Corner3",
            "from": [ 15.9, 2.0, 6.6 ], 
            "to": [ 17.9, 14.0, 9.399999999999999 ], 
            "rotation": { "origin": [ 8.0, 8.0, 8.0 ], "axis": "y", "angle": -45.0 },
            "faces": {
                "east": { "texture": "#2", "uv": [ 0.0, 0.0, 2.8, 12.0 ] },
                "up": { "texture": "#2", "uv": [ 0.0, 0.0, 2.0, 2.8 ] },
                "down": { "texture": "#2", "uv": [ 0.0, 0.0, 2.0, 2.8 ] }
            }
        },
        {
            "name": "Corner4",
            "from": [ 15.9, 2.0, 6.6 ], 
            "to": [ 17.9, 14.0, 9.399999999999999 ], 
            "rotation": { "origin": [ 8.0, 8.0, 8.0 ], "axis": "y", "angle": 45.0 },
            "faces": {
                "east": { "texture": "#2", "uv": [ 0.0, 0.0, 2.8, 12.0 ] },
                "up": { "texture": "#2", "uv": [ 0.0, 0.0, 2.0, 2.8 ] },
                "down": { "texture": "#2", "uv": [ 0.0, 0.0, 2.0, 2.8 ] }
            }
        },
        {
            "name": "Top1",
            "from": [ 2.0, 14.0, 2.0 ], 
            "to": [ 14.0, 16.0, 14.0 ], 
            "faces": {
                "up": { "texture": "#0", "uv": [ 0.0, 0.0, 16.0, 16.0 ] }
            }
        },
        {
            "name": "Top2",
            "from": [ 2.0, 6.6, -1.9 ], 
            "to": [ 14.0, 9.399999999999999, 0.10000000000000009 ], 
            "rotation": { "origin": [ 8.0, 8.0, 8.0 ], "axis": "x", "angle": 45.0 },
            "faces": {
                "north": { "texture": "#1", "uv": [ 0.0, 13.0, 12.0, 16.0 ] },
                "east": { "texture": "#2", "uv": [ 0.0, 0.0, 2.0, 2.8 ] },
                "west": { "texture": "#2", "uv": [ 0.0, 0.0, 2.0, 2.799999999999999 ] }
            }
        },
        {
            "name": "Top3",
            "from": [ 2.0, 6.6, 15.9 ], 
            "to": [ 14.0, 9.399999999999999, 17.9 ], 
            "rotation": { "origin": [ 8.0, 8.0, 8.0 ], "axis": "x", "angle": -45.0 },
            "faces": {
                "east": { "texture": "#2", "uv": [ 0.0, 0.0, 2.0, 2.8 ] },
                "south": { "texture": "#1", "uv": [ 0.0, 13.0, 12.0, 16.0 ] },
                "west": { "texture": "#2", "uv": [ 0.0, 0.0, 2.0, 2.8 ] }
            }
        },
        {
            "name": "Top4",
            "from": [ 6.6, 15.9, 2.0 ], 
            "to": [ 9.399999999999999, 17.9, 14.0 ], 
            "rotation": { "origin": [ 8.0, 8.0, 8.0 ], "axis": "z", "angle": -45.0 },
            "faces": {
                "north": { "texture": "#2", "uv": [ 0.0, 0.0, 2.8, 2.0 ] },
                "south": { "texture": "#2", "uv": [ 0.0, 0.0, 2.8, 2.0 ] },
                "up": { "texture": "#1", "uv": [ 0.0, 13.0, 12.0, 16.0 ], "rotation": 90 }
            }
        },
        {
            "name": "Top5",
            "from": [ 6.6, 15.9, 2.0 ], 
            "to": [ 9.399999999999999, 17.9, 14.0 ], 
            "rotation": { "origin": [ 8.0, 8.0, 8.0 ], "axis": "z", "angle": 45.0 },
            "faces": {
                "north": { "texture": "#2", "uv": [ 0.0, 0.0, 2.8, 2.0 ] },
                "south": { "texture": "#2", "uv": [ 0.0, 0.0, 2.8, 2.0 ] },
                "up": { "texture": "#1", "uv": [ 0.0, 13.0, 12.0, 16.0 ], "rotation": 90 }
            }
        },
        {
            "name": "Core1",
            "from": [ 1.0, 4.0, 1.0 ], 
            "to": [ 15.0, 5.0, 15.0 ], 
            "faces": {
                "north": { "texture": "#5", "uv": [ 0.0, 0.0, 14.0, 1.0 ] },
                "east": { "texture": "#5", "uv": [ 0.0, 0.0, 14.0, 1.0 ] },
                "south": { "texture": "#5", "uv": [ 0.0, 0.0, 14.0, 1.0 ] },
                "west": { "texture": "#5", "uv": [ 0.0, 0.0, 14.0, 1.0 ] }
            }
        },
        {
            "name": "Core2",
            "from": [ 1.0, 5.0, 1.0 ], 
            "to": [ 15.0, 6.0, 15.0 ], 
            "faces": {
                "north": { "texture": "#5", "uv": [ 0.0, 0.0, 14.0, 1.0 ] },
                "east": { "texture": "#5", "uv": [ 0.0, 0.0, 14.0, 1.0 ] },
                "south": { "texture": "#5", "uv": [ 0.0, 0.0, 14.0, 1.0 ] },
                "west": { "texture": "#5", "uv": [ 0.0, 0.0, 14.0, 1.0 ] }
            }
        },
        {
            "name": "Core3",
            "from": [ 1.0, 6.0, 1.0 ], 
            "to": [ 15.0, 7.0, 15.0 ], 
            "faces": {
                "north": { "texture": "#5", "uv": [ 0.0, 0.0, 14.0, 1.0 ] },
                "east": { "texture": "#5", "uv": [ 0.0, 0.0, 14.0, 1.0 ] },
                "south": { "texture": "#5", "uv": [ 0.0, 0.0, 14.0, 1.0 ] },
                "west": { "texture": "#5", "uv": [ 0.0, 0.0, 14.0, 1.0 ] }
            }
        },
        {
            "name": "Core4",
            "from": [ 1.0, 7.0, 1.0 ], 
            "to": [ 15.0, 8.0, 15.0 ], 
            "faces": {
                "north": { "texture": "#5", "uv": [ 0.0, 0.0, 14.0, 1.0 ] },
                "east": { "texture": "#5", "uv": [ 0.0, 0.0, 14.0, 1.0 ] },
                "south": { "texture": "#5", "uv": [ 0.0, 0.0, 14.0, 1.0 ] },
                "west": { "texture": "#5", "uv": [ 0.0, 0.0, 14.0, 1.0 ] }
            }
        },
        {
            "name": "Core5",
            "from": [ 1.0, 8.0, 1.0 ], 
            "to": [ 15.0, 9.0, 15.0 ], 
            "faces": {
                "north": { "texture": "#5", "uv": [ 0.0, 0.0, 14.0, 1.0 ] },
                "east": { "texture": "#5", "uv": [ 0.0, 0.0, 14.0, 1.0 ] },
                "south": { "texture": "#5", "uv": [ 0.0, 0.0, 14.0, 1.0 ] },
                "west": { "texture": "#5", "uv": [ 0.0, 0.0, 14.0, 1.0 ] }
            }
        },
        {
            "name": "Core6",
            "from": [ 1.0, 9.0, 1.0 ], 
            "to": [ 15.0, 10.0, 15.0 ], 
            "faces": {
                "north": { "texture": "#5", "uv": [ 0.0, 0.0, 14.0, 1.0 ] },
                "east": { "texture": "#5", "uv": [ 0.0, 0.0, 14.0, 1.0 ] },
                "south": { "texture": "#5", "uv": [ 0.0, 0.0, 14.0, 1.0 ] },
                "west": { "texture": "#5", "uv": [ 0.0, 0.0, 14.0, 1.0 ] }
            }
        },
        {
            "name": "Core7",
            "from": [ 1.0, 10.0, 1.0 ], 
            "to": [ 15.0, 11.0, 15.0 ], 
            "faces": {
                "north": { "texture": "#5", "uv": [ 0.0, 0.0, 14.0, 1.0 ] },
                "east": { "texture": "#5", "uv": [ 0.0, 0.0, 14.0, 1.0 ] },
                "south": { "texture": "#5", "uv": [ 0.0, 0.0, 14.0, 1.0 ] },
                "west": { "texture": "#5", "uv": [ 0.0, 0.0, 14.0, 1.0 ] }
            }
        },
        {
            "name": "Core8",
            "from": [ 1.0, 11.0, 1.0 ], 
            "to": [ 15.0, 12.0, 15.0 ], 
            "faces": {
                "north": { "texture": "#5", "uv": [ 0.0, 0.0, 14.0, 1.0 ] },
                "east": { "texture": "#5", "uv": [ 0.0, 0.0, 14.0, 1.0 ] },
                "south": { "texture": "#5", "uv": [ 0.0, 0.0, 14.0, 1.0 ] },
                "west": { "texture": "#5", "uv": [ 0.0, 0.0, 14.0, 1.0 ] }
            }
        }
    ]
}