{
    "providers": [
		{
            "type": "bitmap",
            "file": "mechanization:gadgets/gui/heat_bar.png",
			"ascent": 8,
			"height": 10,
			"chars": ["\uee00\uee01","\uee02\uee03","\uee04\uee05"]
        },
		{
            "type": "bitmap",
            "file": "mechanization:base/manual/return_arrow.png",
			"ascent": 8,
			"height": 10,
			"chars": ["\uee06"]
        },
		{
            "type": "bitmap",
            "file": "mechanization:base/manual/energy_relay.png",
			"ascent": 28,
			"height": 56,
			"chars": ["\uee07"]
        },
		{
            "type": "bitmap",
            "file": "mechanization:base/manual/mech_logo.png",
			"ascent": 28,
			"height": 56,
			"chars": ["\uee10"]
        },
		{
            "type": "bitmap",
            "file": "mechanization:base/manual/machine_crafting_table_recipe.png",
			"ascent": 28,
			"height": 56,
			"chars": ["\uee11"]
        },
		{
            "type": "bitmap",
            "file": "mechanization:base/manual/ores.png",
			"ascent": 14,
			"height": 56,
			"chars": ["\uee12\uee13","\uee14\uee15"]
        },
		{
            "type": "bitmap",
            "file": "mechanization:base/manual/wrench_recipe.png",
			"ascent": 28,
			"height": 56,
			"chars": ["\uee16"]
        },
		{
            "type": "bitmap",
            "file": "mechanization:base/manual/multimeter_recipe.png",
			"ascent": 28,
			"height": 56,
			"chars": ["\uee17"]
        },
		{
            "type": "bitmap",
            "file": "mechanization:base/manual/battery_recipes.png",
			"ascent": 28,
			"height": 56,
			"chars": ["\uee18\uee19","\uee1a\uee1b"]
        },
		{
            "type": "bitmap",
            "file": "mechanization:base/manual/upgrade_recipes.png",
			"ascent": 28,
			"height": 56,
			"chars": ["\uee1c\uee1d","\uee1e\uee1f"]
        },
		{
            "type": "bitmap",
            "file": "mechanization:base/manual/machine_frames.png",
			"ascent": 28,
			"height": 56,
			"chars": ["\uee20\uee21\uee22"]
        },
		{
            "type": "bitmap",
            "file": "mechanization:base/manual/alloy_furnace.png",
			"ascent": 28,
			"height": 56,
			"chars": ["\uee23"]
        },
		{
            "type": "bitmap",
            "file": "mechanization:base/manual/tier_2_alloys.png",
			"ascent": 28,
			"height": 56,
			"chars": ["\uee24\uee25","\uee26\uee27"]
        },
		{
            "type": "bitmap",
            "file": "mechanization:base/manual/tier_3_alloys.png",
			"ascent": 28,
			"height": 56,
			"chars": ["\uee28\uee29","\uee30\uee31"]
        },
		{
            "type": "bitmap",
            "file": "mechanization:base/manual/nether_alloy.png",
			"ascent": 28,
			"height": 56,
			"chars": ["\uee32"]
        },
		{
            "type": "bitmap",
            "file": "mechanization:base/manual/furnace_generator.png",
			"ascent": 28,
			"height": 56,
			"chars": ["\uee33"]
        },
		{
            "type": "bitmap",
            "file": "mechanization:base/manual/electric_furnace.png",
			"ascent": 28,
			"height": 56,
			"chars": ["\uee34"]
        },
		{
            "type": "bitmap",
            "file": "mechanization:base/manual/grinder.png",
			"ascent": 28,
			"height": 56,
			"chars": ["\uee35"]
        },
		{
            "type": "bitmap",
            "file": "mechanization:base/manual/tree_feller.png",
			"ascent": 28,
			"height": 56,
			"chars": ["\uee36"]
        },
		{
            "type": "bitmap",
            "file": "mechanization:base/manual/block_breaker.png",
			"ascent": 28,
			"height": 56,
			"chars": ["\uee37"]
        },
		{
            "type": "bitmap",
            "file": "mechanization:base/manual/growth_accelerator.png",
			"ascent": 28,
			"height": 56,
			"chars": ["\uee38"]
        },
		{
            "type": "bitmap",
            "file": "mechanization:base/manual/solar_panel.png",
			"ascent": 28,
			"height": 56,
			"chars": ["\uee39"]
        },
		{
            "type": "bitmap",
            "file": "mechanization:base/manual/bio-generator.png",
			"ascent": 28,
			"height": 56,
			"chars": ["\uee3a"]
        },
		{
            "type": "bitmap",
            "file": "mechanization:base/manual/quarry.png",
			"ascent": 28,
			"height": 56,
			"chars": ["\uee3b"]
        },
		{
            "type": "bitmap",
            "file": "mechanization:base/manual/quarry_setup.png",
			"ascent": 20,
			"height": 110,
			"chars": ["\uee3c"]
        },
		{
            "type": "bitmap",
            "file": "mechanization:base/manual/auto_farm.png",
			"ascent": 28,
			"height": 56,
			"chars": ["\uee3d"]
        },
		{
            "type": "bitmap",
            "file": "mechanization:base/manual/auto_fisher.png",
			"ascent": 28,
			"height": 56,
			"chars": ["\uee3f"]
        },
		{
            "type": "bitmap",
            "file": "mechanization:base/manual/item_reformer.png",
			"ascent": 28,
			"height": 56,
			"chars": ["\uee40"]
        },
		{
            "type": "bitmap",
            "file": "mechanization:base/manual/mob_grinder.png",
			"ascent": 28,
			"height": 56,
			"chars": ["\uee41"]
        },
		{
            "type": "bitmap",
            "file": "mechanization:base/manual/lava_fabricator.png",
			"ascent": 28,
			"height": 56,
			"chars": ["\uee42"]
        },
		{
            "type": "bitmap",
            "file": "mechanization:base/manual/super_piston.png",
			"ascent": 28,
			"height": 56,
			"chars": ["\uee43"]
        },
		{
            "type": "bitmap",
            "file": "mechanization:base/manual/super_sticky_piston.png",
			"ascent": 28,
			"height": 56,
			"chars": ["\uee44"]
        },
		{
            "type": "bitmap",
            "file": "mechanization:base/manual/turn_table.png",
			"ascent": 28,
			"height": 56,
			"chars": ["\uee45"]
        },
		{
            "type": "bitmap",
            "file": "mechanization:base/manual/dimensional_generator.png",
			"ascent": 28,
			"height": 56,
			"chars": ["\uee46"]
        },
		{
            "type": "bitmap",
            "file": "mechanization:base/manual/disenchanter.png",
			"ascent": 28,
			"height": 56,
			"chars": ["\uee47"]
        },
		{
            "type": "bitmap",
            "file": "mechanization:base/manual/teleporter.png",
			"ascent": 28,
			"height": 56,
			"chars": ["\uee48"]
        },
		{
            "type": "bitmap",
            "file": "mechanization:base/manual/spawner_controller.png",
			"ascent": 28,
			"height": 56,
			"chars": ["\uee49"]
        },
		{
            "type": "bitmap",
            "file": "mechanization:base/manual/spawner_mover.png",
			"ascent": 28,
			"height": 56,
			"chars": ["\uee4a"]
        },
		{
            "type": "bitmap",
            "file": "mechanization:base/manual/uranium_fuel_rod.png",
			"ascent": 28,
			"height": 56,
			"chars": ["\uee4b"]
        },
		{
            "type": "bitmap",
            "file": "mechanization:base/manual/centrifuge.png",
			"ascent": 28,
			"height": 56,
			"chars": ["\uee4c"]
        },
		{
            "type": "bitmap",
            "file": "mechanization:base/manual/control_rod.png",
			"ascent": 28,
			"height": 56,
			"chars": ["\uee4d"]
        },
		{
            "type": "bitmap",
            "file": "mechanization:base/manual/temperature_observer.png",
			"ascent": 28,
			"height": 56,
			"chars": ["\uee4e"]
        },
		{
            "type": "bitmap",
            "file": "mechanization:base/manual/reaction_rate_observer.png",
			"ascent": 28,
			"height": 56,
			"chars": ["\uee4f"]
        },
		{
            "type": "bitmap",
            "file": "mechanization:base/manual/steam_turbine.png",
			"ascent": 28,
			"height": 56,
			"chars": ["\uee50"]
        },
		{
            "type": "bitmap",
            "file": "mechanization:base/manual/fission_reactor.png",
			"ascent": 28,
			"height": 56,
			"chars": ["\uee51"]
        },
		{
            "type": "bitmap",
            "file": "mechanization:base/manual/cooling_unit.png",
			"ascent": 28,
			"height": 56,
			"chars": ["\uee52"]
        },
		{
            "type": "bitmap",
            "file": "mechanization:base/manual/charging_station.png",
			"ascent": 28,
			"height": 56,
			"chars": ["\uee53"]
        },
		{
            "type": "bitmap",
            "file": "mechanization:base/manual/portable_battery.png",
			"ascent": 28,
			"height": 56,
			"chars": ["\uee54"]
        },
		{
            "type": "bitmap",
            "file": "mechanization:base/manual/tinker_table.png",
			"ascent": 28,
			"height": 56,
			"chars": ["\uee55"]
        },
		{
            "type": "bitmap",
            "file": "mechanization:base/manual/xp_tank.png",
			"ascent": 28,
			"height": 56,
			"chars": ["\uee56"]
        },
		{
            "type": "bitmap",
            "file": "mechanization:base/manual/titanium_sword.png",
			"ascent": 28,
			"height": 56,
			"chars": ["\uee57"]
        },
		{
            "type": "bitmap",
            "file": "mechanization:base/manual/weapon_upgrades_1.png",
			"ascent": 28,
			"height": 92,
			"chars": ["\uee58"]
        },
		{
            "type": "bitmap",
            "file": "mechanization:base/manual/weapon_upgrades_2.png",
			"ascent": 28,
			"height": 92,
			"chars": ["\uee59"]
        },
		{
            "type": "bitmap",
            "file": "mechanization:base/manual/titanium_tools.png",
			"ascent": 28,
			"height": 92,
			"chars": ["\uee5a"]
        },
		{
            "type": "bitmap",
            "file": "mechanization:base/manual/tool_upgrades_1.png",
			"ascent": 28,
			"height": 92,
			"chars": ["\uee5b"]
        },
		{
            "type": "bitmap",
            "file": "mechanization:base/manual/tool_upgrades_2.png",
			"ascent": 28,
			"height": 92,
			"chars": ["\uee5c"]
        },
		{
            "type": "bitmap",
            "file": "mechanization:base/manual/titanium_armor.png",
			"ascent": 28,
			"height": 92,
			"chars": ["\uee5d"]
        },
		{
            "type": "bitmap",
            "file": "mechanization:base/manual/armor_upgrades_1.png",
			"ascent": 28,
			"height": 92,
			"chars": ["\uee5e"]
        },
		{
            "type": "bitmap",
            "file": "mechanization:base/manual/armor_upgrades_2.png",
			"ascent": 28,
			"height": 92,
			"chars": ["\uee5f"]
        },
		{
            "type": "bitmap",
            "file": "mechanization:base/manual/armor_upgrades_3.png",
			"ascent": 28,
			"height": 92,
			"chars": ["\uee60"]
        },
		{
            "type": "bitmap",
            "file": "mechanization:base/manual/gun_parts.png",
			"ascent": 28,
			"height": 92,
			"chars": ["\uee61"]
        },
		{
            "type": "bitmap",
            "file": "mechanization:base/manual/guns.png",
			"ascent": 28,
			"height": 92,
			"chars": ["\uee62"]
        },
		{
            "type": "bitmap",
            "file": "mechanization:base/manual/gun_upgrades.png",
			"ascent": 28,
			"height": 92,
			"chars": ["\uee63"]
        },
		{
            "type": "bitmap",
            "file": "mechanization:base/manual/compresser.png",
			"ascent": 28,
			"height": 56,
			"chars": ["\uee64"]
        },
		{
            "type": "bitmap",
            "file": "mechanization:base/manual/decompresser.png",
			"ascent": 28,
			"height": 56,
			"chars": ["\uee65"]
        },
		{
            "type": "bitmap",
            "file": "mechanization:base/manual/stone_cutter.png",
			"ascent": 28,
			"height": 56,
			"chars": ["\uee66"]
        },
		{
            "type": "bitmap",
            "file": "mechanization:base/manual/dye_machine.png",
			"ascent": 28,
			"height": 56,
			"chars": ["\uee67"]
        },
		{
            "type": "bitmap",
            "file": "mechanization:base/manual/fast_hopper.png",
			"ascent": 28,
			"height": 56,
			"chars": ["\uee68"]
        },
		{
            "type": "bitmap",
            "file": "mechanization:base/manual/ender_hopper.png",
			"ascent": 28,
			"height": 56,
			"chars": ["\uee69"]
        },
		{
            "type": "bitmap",
            "file": "mechanization:base/manual/item_transmitter.png",
			"ascent": 28,
			"height": 56,
			"chars": ["\uee6a"]
        },
		{
            "type": "bitmap",
            "file": "mechanization:base/manual/item_receiver.png",
			"ascent": 28,
			"height": 56,
			"chars": ["\uee6b"]
        },
		{
            "type": "bitmap",
            "file": "mechanization:base/manual/item_filter.png",
			"ascent": 28,
			"height": 56,
			"chars": ["\uee6c"]
        },
		{
            "type": "bitmap",
            "file": "mechanization:base/manual/unlimited_storage_unit.png",
			"ascent": 28,
			"height": 56,
			"chars": ["\uee6d"]
        },
		{
            "type": "bitmap",
            "file": "mechanization:base/manual/auto_jukebox.png",
			"ascent": 28,
			"height": 56,
			"chars": ["\uee6e"]
        },
		{
            "type": "bitmap",
            "file": "mechanization:base/manual/manual_2.png",
			"ascent": 28,
			"height": 56,
			"chars": ["\uee6f"]
        },
		{
            "type": "bitmap",
            "file": "mechanization:base/manual/upgrade_base.png",
			"ascent": 28,
			"height": 56,
			"chars": ["\uee70"]
        },
		{
            "type": "bitmap",
            "file": "mechanization:base/manual/mss_terminal.png",
			"ascent": 28,
			"height": 56,
			"chars": ["\uee71"]
        },
		{
            "type": "bitmap",
            "file": "mechanization:base/manual/mss_drive_bay.png",
			"ascent": 28,
			"height": 56,
			"chars": ["\uee72"]
        },
		{
            "type": "bitmap",
            "file": "mechanization:base/manual/mss_storage_drive.png",
			"ascent": 28,
			"height": 56,
			"chars": ["\uee73"]
        }
    ]
}